Atmospheric and Oceanic Sciences,Physical Sciences
Climate Science,Physical Sciences
Atmospheric and Oceanic Sciences/Math,Physical Sciences
Biochemistry,Physical Sciences
Chemistry,Physical Sciences
Materials Science,Physical Sciences
Gen Chem for Teaching,Physical Sciences
Geology,Physical Sciences
Engineering Geology,Physical Sciences
Geophysics,Physical Sciences
Earth and Environmental Science,Physical Sciences
Mathematics,Physical Sciences
Applied Mathematics,Physical Sciences
Financial Actuarial Mathematics,Physical Sciences
Mathematics Applied Science,Physical Sciences
Mathematics of Computation,Physical Sciences
Mathematics for Teaching,Physical Sciences
Mathematics/Economics,Physical Sciences
Astrophysics,Physical Sciences
Biophysics,Physical Sciences
Physics,Physical Sciences
Physics-ba,Physical Sciences
Statistics and Data Science,Physical Sciences
Data theory,Physical Sciences
Environmental Science,Physical Sciences


American Literature and Culture,Humanities
Ancient Near East and Egyptology,Humanities
Arabic,Humanities
Art History,Humanities
Asian Humanities,Humanities
Asian Languages and Linguistics,Humanities
Asian Religions,Humanities
Central and East European Languages and Cultures,Humanities
Chinese,Humanities
Classical Civilization,Humanities
Comparative Literature,Humanities
English,Humanities
European Language and Transcultural Studies,Humanities
European Languages and Transcultural Studies with French and Francophone,Humanities
European Languages and Transcultural Studies with German,Humanities
European Languages and Transcultural Studies with Italian,Humanities
European Languages and Transcultural Studies with Scandinavian,Humanities
Greek,Humanities
Greek and Latin,Humanities
Iranian Studies,Humanities
Japanese,Humanities
Jewish Studies,Humanities
Korean,Humanities
Latin,Humanities
Linguistics,Humanities
Linguistics and Anthropology,Humanities
Linguistics and Asian Languages and Cultures,Humanities
Linguistics and Computer Science,Humanities
Linguistics and English,Humanities
Linguistics and Philosophy,Humanities
Linguistics and Psychology,Humanities
Linguistics and Spanish,Humanities
Linguistics Applied,Humanities
Middle Eastern Studies,Humanities
Nordic Studies,Humanities
Philosophy,Humanities
Portuguese and Brazilian Studies,Humanities
Russian Language and Literature,Humanities
Russian Studies,Humanities
Southeast Asian Studies,Humanities
Spanish and Community and Culture,Humanities
Spanish and Linguistics,Humanities
Spanish and Portuguese,Humanities
Spanish,Humanities

African American Studies,Social Sciences
American Indian Studies,Social Sciences
Anthropology,Social Sciences
Asian American Studies,Social Sciences
Business Economics,Social Sciences
Economics,Social Sciences
Gender Studies,Social Sciences
Geography,Social Sciences
History,Social Sciences
Labor Studies,Social Sciences
Political Science,Social Sciences
Sociology,Social Sciences
African and Middle Eastern Studies,Social Sciences
Asian Studies,Social Sciences
European Studies,Social Sciences
Latin American Studies,Social Sciences
Chicana and Chicano Studies,Social Sciences
Global Studies,Social Sciences
Communication,Social Sciences
Disability Studies,Social Sciences#Undergraduate Education
International Development Studies,Social Sciences
Religion Study of,Social Sciences#Center for the Study of Religion

Biology,Life Sciences
Cognitive Science,Life Sciences
Ecology Behavior and Evolution,Life Sciences
Human Biology and Society,Life Sciences
Marine Biology,Life Sciences
Microbiology Immunology and Molecular Genetics,Life Sciences
Molecular Cell and Developmental Biology,Life Sciences
Neuroscience,Life Sciences
Physiological Science,Life Sciences
Psychobiology,Life Sciences
Psychology,Life Sciences
Computational Biology,Life Sciences

#Individual Field of Concentration