African American Studies,Letters and Science
African and Middle Eastern Studies,Letters and Science
American Indian Studies,Letters and Science
American Literature and Culture,Letters and Science
Ancient Near East and Egyptology,Letters and Science
Anthropology,Letters and Science
Anthropology,Letters and Science
Arabic,Letters and Science
Art History,Letters and Science
Asian American Studies,Letters and Science
Asian Humanities,Letters and Science
Asian Languages and Linguistics,Letters and Science
Asian Religions,Letters and Science
Asian Studies,Letters and Science
Astrophysics,Letters and Science
Atmospheric and Oceanic Sciences,Letters and Science
Atmospheric and Oceanic Sciences/Mathematics,Letters and Science
Biochemistry,Letters and Science
Biology,Letters and Science
Biophysics,Letters and Science
Business Economics,Letters and Science
Central and East European Languages and Cultures,Letters and Science
Chemistry,Letters and Science
Chemistry/Materials Science,Letters and Science
Chicana and Chicano Studies,Letters and Science
Chinese,Letters and Science
Classical Civilization,Letters and Science
Climate Science,Letters and Science
Cognitive Science,Letters and Science
Communication,Letters and Science
Comparative Literature,Letters and Science
Computational Biology,Letters and Science
Data Theory,Letters and Science
Disability Studies,Letters and Science
Earth and Environmental Science,Letters and Science
Ecology Behavior and Evolution,Letters and Science
Economics,Letters and Science
English,Letters and Science
Environmental Science,Letters and Science
European Language and Transcultural Studies,Letters and Science
European Languages and Transcultural Studies with French and Francophone,Letters and Science
European Languages and Transcultural Studies with German,Letters and Science
European Languages and Transcultural Studies with Italian,Letters and Science
European Languages and Transcultural Studies with Scandinavian,Letters and Science
European Studies,Letters and Science
Gender Studies,Letters and Science
Geography,Letters and Science
Geography/Environmental Studies,Letters and Science
Geology,Letters and Science
Geology/Engineering Geology,Letters and Science
Geophysics,Letters and Science
Global Studies,Letters and Science
Greek,Letters and Science
Greek and Latin,Letters and Science
History,Letters and Science
Human Biology and Society,Letters and Science
Human Biology and Society,Letters and Science
International Development Studies,Letters and Science
Iranian Studies,Letters and Science
Japanese,Letters and Science
Jewish Studies,Letters and Science
Korean,Letters and Science
Labor Studies,Letters and Science
Latin,Letters and Science
Latin American Studies,Letters and Science
Linguistics,Letters and Science
Linguistics and Anthropology,Letters and Science
Linguistics and Asian Languages and Cultures,Letters and Science
Linguistics and Computer Science,Letters and Science
Linguistics and English,Letters and Science
Linguistics and Philosophy,Letters and Science
Linguistics and Psychology,Letters and Science
Linguistics and Spanish,Letters and Science
Linguistics Applied,Letters and Science
Marine Biology,Letters and Science
Mathematics,Letters and Science
Mathematics Applied,Letters and Science
Mathematics/Applied Science,Letters and Science
Mathematics/Economics,Letters and Science
Mathematics Financial Actuarial,Letters and Science
Mathematics for Teaching,Letters and Science
Mathematics of Computation,Letters and Science
Microbiology Immunology and Molecular Genetics,Letters and Science
Middle Eastern Studies,Letters and Science
Molecular Cell and Developmental Biology,Letters and Science
Neuroscience,Letters and Science
Nordic Studies,Letters and Science
Philosophy,Letters and Science
Physics,Letters and Science
Physics,Letters and Science
Physiological Science,Letters and Science
Political Science,Letters and Science
Portuguese and Brazilian Studies,Letters and Science
Psychobiology,Letters and Science
Psychology,Letters and Science
Religion Study of,Letters and Science
Russian Language and Literature,Letters and Science
Russian Studies,Letters and Science
Sociology,Letters and Science
Southeast Asian Studies,Letters and Science
Spanish,Letters and Science
Spanish and Community and Culture,Letters and Science
Spanish and Linguistics,Letters and Science
Spanish and Portuguese,Letters and Science
Statistics and Data Science,Letters and Science
Individual Field of Concentration,Letters and Science




Architectural Studies,Arts and Architecture
Art,Arts and Architecture
Dance,Arts and Architecture
Design | Media Arts,Arts and Architecture
World Arts and Cultures,Arts and Architecture
Individual Field of Concentration in the Arts and Architecture,Arts and Architecture

Aerospace Engineering,Engineering
Bioengineering,Engineering
Chemical Engineering,Engineering
Civil Engineering,Engineering
Computer Engineering,Engineering
Computer Science,Engineering
Computer Science and Engineering,Engineering
Electrical Engineering,Engineering
Materials Engineering,Engineering
Mechanical Engineering,Engineering

Ethnomusicology,Music
Global Jazz Studies,Music
Musicology,Music
Music Composition,Music
Music Education,Music
Music Industry,Music
Music Performance,Music

Nursing - Prelicensure,Nursing

Public Affairs,Public Affairs

Film and Television,Theater Film and Television
Theater,Theater Film and Television
Individual Field of Concentration in Theater Film and Television,Theater Film and Television

Education and Social Transformation,Education and Information Studies

Public Health,Public Health