atmospheric and oceanic sciences,aos
climate science,aos
aos/math,aos
biochemistry,chemistry and biochemistry
chemistry,chemistry and biochemistry
materials science,chemistry and biochemistry
gen chem for teaching,chemistry and biochemistry
geology,epss
engineering geology,epss
geophysics,epss
earth and environmental science,epss
mathematics,math
applied mathematics,math
financial actuarial mathematics,math
mathematics applied science,math
mathematics of computation,math
mathematics for teaching,math
mathematics/economics,math
astrophysics,physics and astronomy
biophysics,physics and astronomy
physics,physics and astronomy
physics-ba,physics and astronomy
statistics and data science,statistics
data theory,statistics
environmental science,institute of environment and sustainability